provider_code,agency_code,provider_name,agency_name,channel_code,status,reason,method,reviewed
104,1,Nordic Development Fund,Nordic Development Fund,47128,mapped,,exact,true
104,2,Nordic Development Fund,Energy and Environment Partnership Trust Fund,47128,mapped,,exact,true
807,1,UNEP,Assessed contributions - UN regular budget,41116,mapped,,exact,true
807,2,UNEP,Environment Fund,41116,mapped,,exact,true
807,3,UNEP,Multilateral Fund under the Montreal Protocol on Substances that Deplete the Ozone Layer,47078,mapped,,exact,true
807,4,UNEP,Convention on International Trade in Endangered Species of Wild Fauna and Flora (CITES) - Assessed contributions,47022,mapped,,exact,true
807,47,UNEP,UNEP,41116,mapped,,exact,true
811,1,Global Environment Facility,GEF (general),47044,mapped,,exact,true
811,11,Global Environment Facility,GEF Trust Fund,47044,mapped,,exact,true
811,12,Global Environment Facility,Least Developed Countries Trust Fund (LDCF),47129,mapped,,exact,true
811,13,Global Environment Facility,Special Climate Change Trust Fund (SCCF),47130,mapped,,exact,true
811,14,Global Environment Facility,Nagoya Protocol Implementation Fund (NPIF),47044,mapped,,exact,true
811,15,Global Environment Facility,GEF Capacity Building Initiative for Transparency,47044,mapped,,exact,true
811,16,Global Environment Facility,GEF Multi-Trust Funds,47044,mapped,,exact,true
811,19,Global Environment Facility,Global Biodiversity Framework Fund (GBFF),47044,mapped,,exact,true
812,1,Montreal Protocol,Montreal Protocol,47078,mapped,,exact,true
901,1,International Bank for Reconstruction and Development,IBRD,44001,mapped,,exact,true
903,1,International Finance Corporation,International Finance Corporation,44004,mapped,,exact,true
905,1,International Development Association,IDA,44002,mapped,,exact,true
906,1,Caribbean Development Bank,Caribbean Development Bank,46009,mapped,,exact,true
909,1,Inter-American Development Bank,Ordinary Capital,46012,mapped,,exact,true
909,2,Inter-American Development Bank,Fund for Special Operations,46013,mapped,,exact,true
909,3,Inter-American Development Bank,Fund for Special Operations-Ordinary Capital,46013,mapped,,exact,true
909,4,Inter-American Development Bank,Ordinary Capital,46012,mapped,,exact,true
909,5,Inter-American Development Bank,Multilateral Investment Fund,46012,mapped,,exact,true
909,6,Inter-American Development Bank,Grant Facility,46012,mapped,,exact,true
909,11,Inter-American Development Bank,Clean Technology Fund,46012,mapped,,exact,true
909,14,Inter-American Development Bank,Strategic Climate Fund,46012,mapped,,exact,true
909,15,Inter-American Development Bank,Small Enterprise Development Facility,46012,mapped,,exact,true
909,16,Inter-American Development Bank,Small Enterprise Investment Fund,46012,mapped,,exact,true
909,17,Inter-American Development Bank,Human Resource Facility,46012,mapped,,exact,true
909,18,Inter-American Development Bank,IDB Grant Facility,46012,mapped,,exact,true
909,20,Inter-American Development Bank,Fund for Increasing Productivity and Promoting Inclusive Economic Growth,46012,mapped,,exact,true
910,1,Central American Bank for Economic Integration,Ordinary capital,46007,mapped,,exact,true
910,2,Central American Bank for Economic Integration,Trust funds,46007,mapped,,exact,true
913,1,African Development Bank,AfDB Ordinary Capital,46002,mapped,,exact,true
913,11,African Development Bank,AfDB Middle Income Country Fund,46002,mapped,,exact,true
913,12,African Development Bank,AfDB Special Relief Fund,46002,mapped,,exact,true
913,14,African Development Bank,AfDB NEPAD/IPPF,46002,mapped,,exact,true
913,15,African Development Bank,AfDB African Water Facility Fund,46002,mapped,,exact,true
913,16,African Development Bank,Fund for African Private Sector Assistance,46002,mapped,,exact,true
914,1,African Development Fund,AfDF,46003,mapped,,exact,true
914,2,African Development Fund,NTF,46003,mapped,,exact,true
914,13,African Development Fund,AfDB Fragile States Facility,46003,mapped,,exact,true
915,1,Asian Development Bank,Asian Development Bank,46004,mapped,,exact,true
915,2,Asian Development Bank,Asia Pacific Disaster Response Fund,46004,mapped,,exact,true
915,3,Asian Development Bank,Climate Change Fund,46004,mapped,,exact,true
915,4,Asian Development Bank,Pakistan Earthquake Fund,46004,mapped,,exact,true
915,5,Asian Development Bank,Japan Special Fund,46004,mapped,,exact,true
915,11,Asian Development Bank,Technical Assistance Special Fund (TASF),46004,mapped,,exact,true
915,12,Asian Development Bank,Regional Cooperation and Integration Fund (RCIF),46004,mapped,"ADB sub-funds without a channel code of their own roll up to the parent Asian Development Bank code 46004, the treatment every other ADB sub-fund receives. $41.1m CRS 2015-2024. Reviewed 2026-09-22.",manual,true
915,13,Asian Development Bank,Financial Sector Development Partnership Special Fund,46004,mapped,,exact,true
918,,EU Institutions,,42001,mapped,,exact,true
918,1,EU Institutions,European Commission,42001,mapped,,exact,true
918,2,EU Institutions,European Development Fund,42003,mapped,,exact,true
918,3,EU Institutions,European Investment Bank,42004,mapped,,exact,true
918,4,EU Institutions,Humanitarian Aid Office of the European Commission,42001,mapped,"DG ECHO is financed from the EU general budget, which channel 42001 (European Commission) represents; 42003 is the separately replenished EDF. No CRS rows under this agency in 2015-2024, so no money moves today. Reviewed 2026-09-22.",manual,true
918,5,EU Institutions,Macro-Financial Assistance,,excluded,"D3: EU Macro-Financial Assistance is financed through EC borrowing against the Guarantee Fund for External Actions, not member-state core replenishments; no core-contribution channel exists for it. Confirmed zero imputed-money impact either way: Multisystem carries no core-contribution series for MFA.",manual,true
918,99,EU Institutions,Miscellaneous,42001,mapped,,exact,true
921,1,Arab Fund (AFESD),Arab Fund ,47152,mapped,AFESD has no code in the pre-refresh crs_channel_mapping.csv; 47152 exists in the current OECD codelist.,manual,true
923,1,UN Peacebuilding Fund,UNPBF,41141,mapped,Current matcher sends UN Peacebuilding Fund to the generic 41305 'United Nations' bucket; 41141 is its specific code.,manual,true
928,1,World Health Organisation,WHO,41307,mapped,,exact,true
928,2,World Health Organisation,WHO Assessed contributions,41307,mapped,,exact,true
928,3,World Health Organisation,WHO Core Voluntary contributions,41143,mapped,,exact,true
932,1,Food and Agriculture Organisation,Core resources - developmental,41301,mapped,,exact,true
940,1,International Labour Organisation,Regular Budget,41302,mapped,ILO's core money sits overwhelmingly at 41302 'Assessed Contributions' ($1.69bn) rather than 41144 'Regular Budget Supplementary Account' ($165M) where the current matcher sends all three provider-940 agencies by name match. Agency 1 'Regular Budget' is the mandatory-dues agency and maps to 41302.,manual,true
940,2,International Labour Organisation,Regular Budget Technical Cooperation,41302,mapped,"Regular Budget Technical Cooperation is an appropriation within the ILO regular budget, funded by assessed contributions, so it belongs with 41302; agency 3 is the Regular Budget Supplementary Account (41144). $186.2m CRS 2015-2024. Reviewed 2026-09-22.",manual,true
940,3,International Labour Organisation,Regular Budget Supplementary Account,41144,mapped,,exact,true
944,1,International Atomic Energy Agency,IAEA,41312,mapped,,exact,true
948,1,UNECE,UNECE,41314,mapped,,exact,true
951,1,OPEC Fund for International Development,OPEC Fund,47142,mapped,,exact,true
953,1,Arab Bank for Economic Development in Africa,Arab Bank for Economic Development in Africa,47151,mapped,BADEA has no code in the pre-refresh crs_channel_mapping.csv; 47151 exists in the current OECD codelist. Lapsed reporter (last CRS year 2015); $0 at stake 2021-2024.,manual,true
958,1,IMF (Concessional Trust Funds),IMF concessional,43001,mapped,,exact,true
959,1,UNDP,UNDP,41114,mapped,,exact,true
962,2,United Nations Conference on Trade and Development,United Nations Conference on Trade and Development - Regular budget,41112,mapped,,exact,true
963,1,UNICEF,UNICEF,41122,mapped,,exact,true
964,1,UNRWA,UNRWA,41130,mapped,,exact,true
966,1,WFP,WFP,41140,mapped,,exact,true
967,1,UNHCR,United Nations High Commissioner for Refugees,41121,mapped,Current matcher sends UNHCR to the generic 41305 'United Nations' bucket; 41121 is UNHCR's specific code.,manual,true
971,1,UNAIDS,UNAIDS,41110,mapped,,exact,true
974,1,UNFPA,UNFPA,41119,mapped,,exact,true
976,1,Islamic Development Bank,Ordinary Capital Resources,46025,mapped,,exact,true
976,2,Islamic Development Bank,Awqaf Properties Investment Fund,46025,mapped,,exact,true
976,3,Islamic Development Bank,Islamic Corporation for the Development of the Private Sector,46025,mapped,,exact,true
976,4,Islamic Development Bank,Islamic solidarity fund for Development,46025,mapped,,exact,true
976,5,Islamic Development Bank,International Islamic Trade Finance Corporation,46025,mapped,"No OECD code exists for ITFC itself; 46025 (parent Islamic Development Bank) is proposed by folding ITFC in with IsDB's other captive vehicles, which already report under 46025. Reviewed 2026-09-22 against fresh CRS (file date 2026-06-24).",manual,true
976,6,Islamic Development Bank,Special Assistance,46025,mapped,,exact,true
976,7,Islamic Development Bank,IsDB Group Science Technology and Innovation,46025,mapped,,exact,true
976,8,Islamic Development Bank,Trust Fund,46025,mapped,,exact,true
976,9,Islamic Development Bank,WAQF,46025,mapped,,exact,true
978,1,OSCE,Organisation for Security and Co-operation in Europe,47131,mapped,,exact,true
981,1,Black Sea Trade & Development Bank,BSTDB Ordinary capital,46006,mapped,,exact,true
988,1,IFAD,IFAD,41108,mapped,,exact,true
990,1,European Bank for Reconstruction and Development,EBRD,46015,mapped,,exact,true
1011,10,Climate Investment Funds,Clean Technology Fund,47134,mapped,,exact,true
1011,20,Climate Investment Funds,Strategic Climate Fund,47135,mapped,,exact,true
1011,21,Climate Investment Funds,Strategic Climate Fund - FIP,47135,mapped,,exact,true
1011,22,Climate Investment Funds,Strategic Climate Fund - PPCR,47135,mapped,,exact,true
1011,23,Climate Investment Funds,Strategic Climate Fund - SREP,47135,mapped,,exact,true
1012,1,Adaptation Fund,Adaptation Fund,47111,mapped,,exact,true
1013,1,Council of Europe Development Bank,Council of Europe Development Bank (CEB),46024,mapped,,exact,true
1013,2,Council of Europe Development Bank,Migrant and Refugee Fund,46024,mapped,,exact,true
1013,3,Council of Europe Development Bank,Social Impact Account,46024,mapped,,exact,true
1014,2,Private Infrastructure Development Group,Emerging Africa Infrastructure Fund,47086,mapped,,exact,true
1014,3,Private Infrastructure Development Group,GuarantCo,47086,mapped,,exact,true
1014,4,Private Infrastructure Development Group,InfraCo Asia,47086,mapped,,exact,true
1014,5,Private Infrastructure Development Group,InfraCo Africa,47086,mapped,,exact,true
1014,6,Private Infrastructure Development Group,GAP,47086,mapped,,exact,true
1014,7,Private Infrastructure Development Group,Technical Assistance Facility,47086,mapped,,exact,true
1015,1,Development Bank of Latin America,Development Bank of Latin America,46008,mapped,,exact,true
1016,1,Green Climate Fund,Green Climate Fund,41317,mapped,,exact,true
1016,2,Green Climate Fund,Private Sector Facility,41317,mapped,,exact,true
1016,3,Green Climate Fund,Division of Mitigation and Adaptation,41317,mapped,,exact,true
1019,1,IDB Invest,IDB Invest,46012,mapped,,exact,true
1020,1,Central Emergency Response Fund,Rapid Response,41147,mapped,,exact,true
1020,2,Central Emergency Response Fund,Under Funded,41147,mapped,,exact,true
1023,1,World Tourism Organisation,UNWTO-Regular Budget,41319,mapped,,exact,true
1023,2,World Tourism Organisation,UNWTO-Extra-Budgetary Project,41319,mapped,,exact,true
1023,3,World Tourism Organisation,UNWTO-Extra-Budgetary Project In-Kind,41319,mapped,,exact,true
1024,1,Asian Infrastructure Investment Bank,Asian Infrastructure Investment Bank,46026,mapped,,exact,true
1024,2,Asian Infrastructure Investment Bank,Internal Special Funds,46026,mapped,,exact,true
1025,1,Center of Excellence in Finance,Center of Excellence in Finance,47145,mapped,,exact,true
1037,1,International Investment Bank,International Investment Bank,47146,mapped,,exact,true
1038,1,UN Institute for Disarmament Research,UNIDIR Trust Fund (core resources),41150,mapped,,exact,true
1039,2,UN Capital Development Fund,UNCDF,41111,mapped,,exact,true
1040,3,UN Office on Drugs and Crime,Regular budget (developmental),41128,mapped,"UNODC (provider 1040) confirmed as a CRS self-reporter from 2023 by direct inspection of the fresh 2026-09-22 CRS extract (agency 3, 'Regular budget (developmental)'); 41128 is UNODC's specific OECD code. Not yet in provider_groupings['multilateral'] -- that JSON file is outside S1's ownership",manual,true
1041,1,Eurasian Fund for Stabilization and Development,Eurasian Fund for Stabilization and Development,47706,mapped,"Code 47706 'Eurasian Fund for Stabilization and Development' comes from the refreshed OECD codelist (2026-06-15). The previous matcher produced a false positive onto 46005 (Asian Development Fund) via an unanchored 'asian' substring match. Last CRS year 2021, so a lapsed reporter. Reviewed 2026-09-22 against fresh CRS (file date 2026-06-24).",manual,true
1044,1,New Development Bank,New Development Bank,46028,mapped,"NDB has no code in the pre-refresh crs_channel_mapping.csv; 46028 exists in the current OECD codelist. Fresh CRS data shows NDB reporting continuously 2016-2024, not lapsed after 2021 as the June cache suggested.",manual,true
1045,1,North American Development Bank,North American Development Bank,,excluded,No OECD channel code exists for North American Development Bank.,manual,true
1045,2,North American Development Bank,Community Assistance Program,,excluded,No OECD channel code exists for North American Development Bank.,manual,true
1046,1,UN Women,UN Women,41146,mapped,Current matcher sends UN Women to the generic 41305 'United Nations' bucket; 41146 is its specific code.,manual,true
1047,1,COVID-19 Response and Recovery Multi-Partner Trust Fund,COVID-19 Response and Recovery Multi-Partner Trust Fund,41403,mapped,,exact,true
1048,1,Joint Sustainable Development Goals Fund,Joint Sustainable Development Goals Fund,41402,mapped,,exact,true
1049,1,International Commission on Missing Persons,ICMP core resources,47149,mapped,,exact,true
1050,1,WHO-Strategic Preparedness and Response Plan,SPRP–Developmental,41321,mapped,,exact,true
1052,1,International Centre for Genetic Engineering and Biotechnology,"ICGEB Core, developmental",47125,mapped,,exact,true
1054,1,World Organisation for Animal Health,Statutory contribution (General budget) - Developmental,47148,mapped,,exact,true
1054,2,World Organisation for Animal Health,Statutory contribution and voluntary contributions from host country (WOAH Regional Representations) - Developmental,47148,mapped,,exact,true
1055,1,CGIAR,CGIAR,47015,mapped,,exact,true
1057,1,UN Development Coordination Office,UNDCO core resources,41149,mapped,,exact,true
1058,1,IMF Resilience and Sustainability Trust,IMF Resilience and Sustainability Trust,43007,mapped,,exact,true
1311,1,Global Alliance for Vaccines and Immunization,GAVI,47122,mapped,,exact,true
1311,2,Global Alliance for Vaccines and Immunization,International Finance Facility for Immunisation ,47107,mapped,,exact,true
1312,1,Global Fund,Global Fund,47045,mapped,,exact,true
1313,1,Global Green Growth Institute,Green Growth Planning and Implementation,47136,mapped,,exact,true
1313,2,Global Green Growth Institute,Investment and Policy Solutions Division,47136,mapped,,exact,true
1313,3,Global Green Growth Institute,Thought Leadership,47136,mapped,,exact,true
1313,4,Global Green Growth Institute,Green Investment Services,47136,mapped,,exact,true
1401,1,WTO - International Trade Centre,International Trade Centre - Regular budget,45001,mapped,"Current matcher sends WTO-ITC to 21017 (ICTSD, an unrelated NGO) via a pattern-length-sort regex collision; 45001 is WTO-ITC's own code.",manual,true
1401,3,WTO - International Trade Centre,VC unearmarked ,45001,mapped,"Current matcher sends WTO-ITC to 21017 (ICTSD, an unrelated NGO) via a pattern-length-sort regex collision; 45001 is WTO-ITC's own code.",manual,true
1403,1,UN Economic and Social Commission for Western Asia,ESCWA - United Nations Economic and Social Commission for Western Asia,41105,mapped,,exact,true
1404,1,World Trade Organisation,WTO - World Trade Organization,45001,mapped,,exact,true
1404,4,World Trade Organisation,WTO Global Trust Fund,45003,mapped,,exact,true
1406,1,United Nations Industrial Development Organization,UNIDO,41123,mapped,,exact,true
